title,biography
Quantum Computing Optimization,Exploring the potential of Robotics with a focus on solving real-world problems.
Bioinformatics Development,Exploring the potential of Cybersecurity with a focus on addressing global challenges.
Data Science Advancement,Pioneering breakthroughs in Bioinformatics with a focus on bridging the gap between theory and practice.
Robotics Development,Pioneering breakthroughs in Cybersecurity with a focus on bridging the gap between theory and practice.
Quantum Computing Applications,A comprehensive study on Robotics with a focus on addressing global challenges.
Robotics Advancement,Pioneering breakthroughs in Quantum Computing with a focus on advancing the state of the art.
Cybersecurity Framework,Aimed at revolutionizing AI with a focus on enhancing current technologies.
Robotics Analysis,A comprehensive study on Data Science with a focus on innovating for future applications.
AI Applications,Pioneering breakthroughs in Data Science with a focus on addressing global challenges.
Cybersecurity Development,A comprehensive study on AI with a focus on solving real-world problems.
Robotics Framework,Pioneering breakthroughs in Bioinformatics with a focus on innovating for future applications.
Cybersecurity Applications,This project focuses on Cybersecurity with a focus on solving real-world problems.
Quantum Computing Framework,A comprehensive study on Data Science with a focus on addressing global challenges.
Bioinformatics Analysis,This project focuses on Cybersecurity with a focus on advancing the state of the art.
Data Science Analysis,A comprehensive study on Data Science with a focus on enhancing current technologies.
Cybersecurity Development,Our team is dedicated to AI with a focus on addressing global challenges.
AI Applications,Our team is dedicated to Bioinformatics with a focus on enhancing current technologies.
AI Framework,This project focuses on AI with a focus on bridging the gap between theory and practice.
AI Applications,This project focuses on Quantum Computing with a focus on enhancing current technologies.
Quantum Computing Framework,Exploring the potential of Bioinformatics with a focus on solving real-world problems.
Data Science Framework,Aimed at revolutionizing Bioinformatics with a focus on advancing the state of the art.
Bioinformatics Analysis,Exploring the potential of Robotics with a focus on addressing global challenges.
Quantum Computing Analysis,Our team is dedicated to Cybersecurity with a focus on advancing the state of the art.
Cybersecurity Framework,This project focuses on Cybersecurity with a focus on solving real-world problems.
Data Science Advancement,Pioneering breakthroughs in Cybersecurity with a focus on enhancing current technologies.
Cybersecurity Advancement,This project focuses on Data Science with a focus on enhancing current technologies.
Data Science Optimization,A comprehensive study on Bioinformatics with a focus on advancing the state of the art.
AI Analysis,A comprehensive study on Cybersecurity with a focus on addressing global challenges.
Bioinformatics Analysis,Aimed at revolutionizing Robotics with a focus on innovating for future applications.
AI Advancement,Pioneering breakthroughs in Data Science with a focus on solving real-world problems.
Robotics Optimization,This project focuses on Bioinformatics with a focus on bridging the gap between theory and practice.
AI Applications,Exploring the potential of AI with a focus on solving real-world problems.
Cybersecurity Advancement,Pioneering breakthroughs in AI with a focus on innovating for future applications.
Robotics Analysis,Pioneering breakthroughs in Robotics with a focus on advancing the state of the art.
AI Development,Pioneering breakthroughs in Robotics with a focus on advancing the state of the art.
Robotics Analysis,Exploring the potential of Robotics with a focus on enhancing current technologies.
Cybersecurity Optimization,Exploring the potential of Cybersecurity with a focus on addressing global challenges.
AI Development,Our team is dedicated to AI with a focus on solving real-world problems.
Robotics Advancement,Pioneering breakthroughs in Data Science with a focus on bridging the gap between theory and practice.
Robotics Advancement,Aimed at revolutionizing Cybersecurity with a focus on innovating for future applications.
AI Development,This project focuses on AI with a focus on bridging the gap between theory and practice.
AI Development,Pioneering breakthroughs in Robotics with a focus on addressing global challenges.
AI Analysis,Pioneering breakthroughs in Cybersecurity with a focus on advancing the state of the art.
Cybersecurity Framework,Pioneering breakthroughs in AI with a focus on enhancing current technologies.
Bioinformatics Development,Pioneering breakthroughs in Quantum Computing with a focus on bridging the gap between theory and practice.
Bioinformatics Advancement,Pioneering breakthroughs in Robotics with a focus on enhancing current technologies.
Quantum Computing Advancement,This project focuses on Data Science with a focus on solving real-world problems.
Quantum Computing Applications,A comprehensive study on Quantum Computing with a focus on innovating for future applications.
Data Science Analysis,Pioneering breakthroughs in Bioinformatics with a focus on addressing global challenges.
AI Development,Exploring the potential of AI with a focus on enhancing current technologies.
